Link Title,URL
IDAS Service Intake Portal,https://esd.nasa.gov/esdportal?id=sc_cat_item&sys_id=e062236497edee10b4fc1ea00153af09&sysparm_category=c30f05ef1bbe6e509b2a64e5624bcbcb&catalog_id=-1
nasa.gov/open/data,https://www.nasa.gov/open/data.html
Planetary Data System (PDS),https://pds.nasa.gov
"Earth Observing System Data and Information System
                            (EOSDIS)",https://earthdata.nasa.gov
"List of Other NASA Science & Mission Data
                            Archives",https://www.nasa.gov/open/data.html
Open Data Registry (ODR),https://registry.opendata.aws/
service request portal,https://jira.ccs.nasa.gov/servicedesk/customer/portal/18
STI Compliance and Distribution Services,https://sti.nasa.gov/
STI homepage,https://sti.nasa.gov/
NTRS Search Page,https://ntrs.nasa.gov/
PubSpace Collection,https://ntrs.nasa.gov/collections/pubspace
"An ""About"" page that covers what type of
                            content is
                            covered by NTRS",https://sti.nasa.gov/what-is-the-ntrs/
Code.gov,https://code.gov
Data.gov,https://data.gov
"About NASA's
                    Mission",https://www.nasa.gov/about/
Home,https://www.nasa.gov
"News &
                      Events",https://www.nasa.gov/news/
Multimedia,https://www.nasa.gov/multimedia/
NASA+,https://plus.nasa.gov/
Missions,https://www.nasa.gov/nasa-missions/
"Humans
                      in Space",https://www.nasa.gov/humans-in-space/
Earth,https://science.nasa.gov/earth/
"The
                      Solar System",https://science.nasa.gov/solar-system/
"The
                      Universe",https://science.nasa.gov/universe/
Science,https://science.nasa.gov/
Aeronautics,https://www.nasa.gov/aeronautics/
Technology,https://www.nasa.gov/technology/
Learning Resources,https://www.nasa.gov/learning-resources/
About NASA,https://www.nasa.gov/about/
"NASA
                      en Español",https://www.nasa.gov/es/
"More NASA
                    Social Accounts",https://www.nasa.gov/social-media/
"NASA
                    Newsletters",https://www.nasa.gov/nasa-newsletters/
Privacy Policy,https://www.nasa.gov/nasa-web-privacy-policy-and-important-notices/
FOIA,https://www.nasa.gov/foia/
"No FEAR
                  Act",https://www.nasa.gov/no-fear-act/
Office of the CIO,https://www.nasa.gov/ocio/
Accessibility,https://www.nasa.gov/accessibility/
